away_name,away_abbr,home_name,home_abbr,week,win_perc_dif,first_downs_dif,fumbles_dif,interceptions_dif,net_pass_yards_dif,pass_attempts_dif,pass_completions_dif,pass_touchdowns_dif,pass_yards_dif,penalties_dif,points_dif,rush_attempts_dif,rush_touchdowns_dif,rush_yards_dif,time_of_possession_dif,times_sacked_dif,total_yards_dif,turnovers_dif,yards_from_penalties_dif,yards_lost_from_sacks_dif,fourth_down_perc_dif,third_down_perc_dif,result,year,Unnamed: 0_x,Unnamed: 0_y,quality,importance,total_rating,elo_dif,qb_dif
Indianapolis Colts,clt,Tennessee Titans,oti,13,0.25423728813559315,3.3559322033898304,0.728813559322034,-0.576271186440678,40.71186440677968,4.525423728813561,3.7796610169491522,0.4915254237288136,28.338983050847474,0.3898305084745761,3.2542372881355917,5.661016949152543,0.7966101694915255,31.949152542372886,-51.91525423728808,-1.1694915254237288,72.66101694915255,0.05084745762711851,-7.084745762711869,-12.372881355932204,-0.3431623931623932,0.0582312040068273,,2023,642.7169811320755,654.9433962264151,62,96,79,-54.720299817679916,4.73575443186877
Carolina Panthers,car,Tampa Bay Buccaneers,tam,13,-0.7645530145530145,2.9230769230769234,0.7775467775467776,0.6330561330561331,-43.19334719334719,5.004677754677758,1.0540540540540526,-0.6262993762993765,-21.876299376299386,1.4293139293139294,11.3508316008316,-3.5660083160083147,-0.14345114345114346,12.256756756756758,121.99740124740129,1.8144490644490643,-30.936590436590393,1.2785862785862787,15.706860706860702,21.317047817047815,-0.4,-0.03810471494485046,,2023,668.6304347826087,479.46666666666664,39,100,70,-62.77868988430009,-91.8011745606958
San Francisco 49ers,sfo,Philadelphia Eagles,phi,13,-0.04476744186046511,0.5372093023255822,0.5883720930232558,-0.6354651162790698,35.31162790697675,0.40290697674418396,-0.15348837209302246,0.397674418604651,30.21627906976741,0.7680232558139535,-10.944186046511627,-3.3139534883720927,-0.241860465116279,-25.86511627906978,-31.461046511627956,-1.025,9.446511627906943,-0.5598837209302325,18.47383720930233,-5.095348837209302,0.0347567030784508,0.024671445639187606,,2023,540.4594594594595,606.0,99,100,100,99.38815418486001,-147.61025050027803
